Question,Context,Answer,index
Chi è Barack Obama?,obama,"Barack Obama è stato il 44° presidente degli Stati Uniti, eletto nel 2008 e nel 2012. È noto per la riforma sanitaria e per aver vinto il Premio Nobel per la pace nel 2009."
Cosa sai di Barack Obama?,obama,"Barack Obama è stato il 44° presidente degli Stati Uniti, eletto nel 2008 e nel 2012. È noto per la riforma sanitaria e per aver vinto il Premio Nobel per la pace nel 2009."
Parlami di Barack Obama.,obama,"Barack Obama è stato il 44° presidente degli Stati Uniti, eletto nel 2008 e nel 2012. È noto per la riforma sanitaria e per aver vinto il Premio Nobel per la pace nel 2009."
Chi è il presidente Obama?,obama,"Barack Obama è stato il 44° presidente degli Stati Uniti, eletto nel 2008 e nel 2012. È noto per la riforma sanitaria e per aver vinto il Premio Nobel per la pace nel 2009."
Qual è la storia di Barack Obama?,obama,"Barack Obama è stato il 44° presidente degli Stati Uniti, eletto nel 2008 e nel 2012. È noto per la riforma sanitaria e per aver vinto il Premio Nobel per la pace nel 2009."
Chi è Obama?,obama,"Barack Obama è stato il 44° presidente degli Stati Uniti, eletto nel 2008 e nel 2012. È noto per la riforma sanitaria e per aver vinto il Premio Nobel per la pace nel 2009."
Come descriveresti Obama?,obama,"Barack Obama è stato il 44° presidente degli Stati Uniti, eletto nel 2008 e nel 2012. È noto per la riforma sanitaria e per aver vinto il Premio Nobel per la pace nel 2009."
Qual è l'identità di Barack Obama?,obama,"Barack Obama è stato il 44° presidente degli Stati Uniti, eletto nel 2008 e nel 2012. È noto per la riforma sanitaria e per aver vinto il Premio Nobel per la pace nel 2009."
Qual è il ruolo di Barack Obama nella storia?,obama,"Barack Obama è stato il 44° presidente degli Stati Uniti, eletto nel 2008 e nel 2012. È noto per la riforma sanitaria e per aver vinto il Premio Nobel per la pace nel 2009."
Chi è l'ex presidente Obama?,obama,"Barack Obama è stato il 44° presidente degli Stati Uniti, eletto nel 2008 e nel 2012. È noto per la riforma sanitaria e per aver vinto il Premio Nobel per la pace nel 2009."
l'ex presidente del america?,obama,"Barack Obama è stato il 44° presidente degli Stati Uniti, eletto nel 2008 e nel 2012. È noto per la riforma sanitaria e per aver vinto il Premio Nobel per la pace nel 2009."
Cosa ha fatto Obama nella sua vita?,obama,"Barack Obama è stato il 44° presidente degli Stati Uniti, eletto nel 2008 e nel 2012. È noto per la riforma sanitaria e per aver vinto il Premio Nobel per la pace nel 2009."
Chi è Barack Obama nella politica?,obama,"Barack Obama è stato il 44° presidente degli Stati Uniti, eletto nel 2008 e nel 2012. È noto per la riforma sanitaria e per aver vinto il Premio Nobel per la pace nel 2009."
Qual è il contributo di Barack Obama?,obama,"Barack Obama è stato il 44° presidente degli Stati Uniti, eletto nel 2008 e nel 2012. È noto per la riforma sanitaria e per aver vinto il Premio Nobel per la pace nel 2009."
Di cosa è noto Barack Obama?,obama,"Barack Obama è noto stato il 44° presidente degli Stati Uniti, eletto nel 2008 e nel 2012. È noto per la riforma sanitaria e per aver vinto il Premio Nobel per la pace nel 2009."
Chi è Obama nel contesto storico?,obama,"Barack Obama è stato il 44° presidente degli Stati Uniti, eletto nel 2008 e nel 2012. È noto per la riforma sanitaria e per aver vinto il Premio Nobel per la pace nel 2009."
Cos'è noto per aver fatto Obama?,obama,"Barack Obama è stato il 44° presidente degli Stati Uniti, eletto nel 2008 e nel 2012. È noto per la riforma sanitaria e per aver vinto il Premio Nobel per la pace nel 2009."
Qual è il percorso di vita di Barack Obama?,obama,"Barack Obama è stato il 44° presidente degli Stati Uniti, eletto nel 2008 e nel 2012. È noto per la riforma sanitaria e per aver vinto il Premio Nobel per la pace nel 2009."
Che ruolo ha avuto Barack Obama negli Stati Uniti?,obama,"Barack Obama è stato il 44° presidente degli Stati Uniti, eletto nel 2008 e nel 2012. È noto per la riforma sanitaria e per aver vinto il Premio Nobel per la pace nel 2009."
Come si può descrivere Barack Obama?,obama,"Barack Obama è stato il 44° presidente degli Stati Uniti, eletto nel 2008 e nel 2012. È noto per la riforma sanitaria e per aver vinto il Premio Nobel per la pace nel 2009."
Chi è il politico Barack Obama?,obama,"Barack Obama è stato il 44° presidente degli Stati Uniti, eletto nel 2008 e nel 2012. È noto per la riforma sanitaria e per aver vinto il Premio Nobel per la pace nel 2009."
Dimmi qualcosa su Alessandro Magno,Alessandro magno,"Alessandro Magno, vissuto dal 356 al 323 avanti cristo, fu un re macedone che conquistò gran parte del mondo antico, dall’Egitto all’India"
Cosa sai di Alessandro Magno?,Alessandro magno,"Alessandro Magno, vissuto dal 356 al 323 avanti cristo, fu un re macedone che conquistò gran parte del mondo antico, dall’Egitto all’India"
Raccontami la storia di Alessandro Magno,Alessandro magno,"Alessandro Magno, vissuto dal 356 al 323 avanti cristo, fu un re macedone che conquistò gran parte del mondo antico, dall’Egitto all’India"
Chi era Alessandro Magno?,Alessandro magno,"Alessandro Magno, vissuto dal 356 al 323 avanti cristo, fu un re macedone che conquistò gran parte del mondo antico, dall’Egitto all’India"
Quali imprese ha compiuto Alessandro Magno?,Alessandro magno,"Alessandro Magno, vissuto dal 356 al 323 avanti cristo, fu un re macedone che conquistò gran parte del mondo antico, dall’Egitto all’India"
Qual è la biografia di Alessandro Magno?,Alessandro magno,"Alessandro Magno, vissuto dal 356 al 323 avanti cristo, fu un re macedone che conquistò gran parte del mondo antico, dall’Egitto all’India"
Puoi darmi informazioni su Alessandro Magno?,Alessandro magno,"Alessandro Magno, vissuto dal 356 al 323 avanti cristo, fu un re macedone che conquistò gran parte del mondo antico, dall’Egitto all’India"
Vorrei sapere di più su Alessandro Magno,Alessandro magno,"Alessandro Magno, vissuto dal 356 al 323 avanti cristo, fu un re macedone che conquistò gran parte del mondo antico, dall’Egitto all’India"
Quali sono le gesta di Alessandro Magno?,Alessandro magno,"Alessandro Magno, vissuto dal 356 al 323 avanti cristo, fu un re macedone che conquistò gran parte del mondo antico, dall’Egitto all’India"
Spiegami chi era Alessandro Magno,Alessandro magno,"Alessandro Magno, vissuto dal 356 al 323 avanti cristo, fu un re macedone che conquistò gran parte del mondo antico, dall’Egitto all’India"
Sai qualcosa su Alessandro Magno?,Alessandro magno,"Alessandro Magno, vissuto dal 356 al 323 avanti cristo, fu un re macedone che conquistò gran parte del mondo antico, dall’Egitto all’India"
Puoi parlarmi della vita di Alessandro Magno?,Alessandro magno,"Alessandro Magno, vissuto dal 356 al 323 avanti cristo, fu un re macedone che conquistò gran parte del mondo antico, dall’Egitto all’India"
Puoi parlarmi della vita di Barack obama?,obama,"Barack Obama è stato il 44° presidente degli Stati Uniti, eletto nel 2008 e nel 2012. È noto per la riforma sanitaria e per aver vinto il Premio Nobel per la pace nel 2009."
Quali territori ha conquistato Alessandro Magno?,Alessandro magno,"Alessandro Magno, vissuto dal 356 al 323 avanti cristo, fu un re macedone che conquistò gran parte del mondo antico, dall’Egitto all’India"
Raccontami di Alessandro il Grande,Alessandro magno,"Alessandro Magno, vissuto dal 356 al 323 avanti cristo, fu un re macedone che conquistò gran parte del mondo antico, dall’Egitto all’India"
Cosa ha fatto Alessandro Magno nella storia?,Alessandro magno,"Alessandro Magno, vissuto dal 356 al 323 avanti cristo, fu un re macedone che conquistò gran parte del mondo antico, dall’Egitto all’India"
Cosa ha fatto Alessandro Magno nella sua vita?,Alessandro magno,"Alessandro Magno, vissuto dal 356 al 323 avanti cristo, fu un re macedone che conquistò gran parte del mondo antico, dall’Egitto all’India"
Cosa sai di Alessandro Magno?,Alessandro magno,"Alessandro Magno, vissuto dal 356 al 323 avanti cristo, fu un re macedone che conquistò gran parte del mondo antico, dall’Egitto all’India"
Dimmi di più sulla vita di Alessandro Magno,Alessandro magno,"Alessandro Magno, vissuto dal 356 al 323 avanti cristo, fu un re macedone che conquistò gran parte del mondo antico, dall’Egitto all’India"
Chi è Alessandro Magno?,Alessandro magno,"Alessandro Magno, vissuto dal 356 al 323 avanti cristo, fu un re macedone che conquistò gran parte del mondo antico, dall’Egitto all’India"
Parlami di Alessandro Magno,Alessandro magno,"Alessandro Magno, vissuto dal 356 al 323 avanti cristo, fu un re macedone che conquistò gran parte del mondo antico, dall’Egitto all’India"
Raccontami qualcosa su Napoli,Napoli,"Napoli è una città storica con una cultura vivace, famosa per la pizza, il Vesuvio e il suo centro storico. Un luogo ricco di tradizioni e paesaggi mozzafiato."
Cosa puoi dirmi su Napoli?,Napoli,"Napoli è una città storica con una cultura vivace, famosa per la pizza, il Vesuvio e il suo centro storico. Un luogo ricco di tradizioni e paesaggi mozzafiato."
Parlami un po' di Napoli,Napoli,"Napoli è una città storica con una cultura vivace, famosa per la pizza, il Vesuvio e il suo centro storico. Un luogo ricco di tradizioni e paesaggi mozzafiato."
Qual è la storia di Napoli?,Napoli,"Napoli è una città storica con una cultura vivace, famosa per la pizza, il Vesuvio e il suo centro storico. Un luogo ricco di tradizioni e paesaggi mozzafiato."
Come è la città di Napoli?,Napoli,"Napoli è una città storica con una cultura vivace, famosa per la pizza, il Vesuvio e il suo centro storico. Un luogo ricco di tradizioni e paesaggi mozzafiato."
Cosa rende speciale Napoli?,Napoli,"Napoli è una città storica con una cultura vivace, famosa per la pizza, il Vesuvio e il suo centro storico. Un luogo ricco di tradizioni e paesaggi mozzafiato."
Quali sono le caratteristiche di Napoli?,Napoli,"Napoli è una città storica con una cultura vivace, famosa per la pizza, il Vesuvio e il suo centro storico. Un luogo ricco di tradizioni e paesaggi mozzafiato."
Come descriveresti Napoli?,Napoli,"Napoli è una città storica con una cultura vivace, famosa per la pizza, il Vesuvio e il suo centro storico. Un luogo ricco di tradizioni e paesaggi mozzafiato."
Cos'ha di unico Napoli?,Napoli,"Napoli è una città storica con una cultura vivace, famosa per la pizza, il Vesuvio e il suo centro storico. Un luogo ricco di tradizioni e paesaggi mozzafiato."
Cosa dovrei sapere su Napoli?,Napoli,"Napoli è una città storica con una cultura vivace, famosa per la pizza, il Vesuvio e il suo centro storico. Un luogo ricco di tradizioni e paesaggi mozzafiato."
Raccontami della città di Napoli,Napoli,"Napoli è una città storica con una cultura vivace, famosa per la pizza, il Vesuvio e il suo centro storico. Un luogo ricco di tradizioni e paesaggi mozzafiato."
Che cosa rende famosa Napoli?,Napoli,"Napoli è una città storica con una cultura vivace, famosa per la pizza, il Vesuvio e il suo centro storico. Un luogo ricco di tradizioni e paesaggi mozzafiato."
Che tipo di posto è Napoli?,Napoli,"Napoli è una città storica con una cultura vivace, famosa per la pizza, il Vesuvio e il suo centro storico. Un luogo ricco di tradizioni e paesaggi mozzafiato."
Com'è Napoli?,Napoli,"Napoli è una città storica con una cultura vivace, famosa per la pizza, il Vesuvio e il suo centro storico. Un luogo ricco di tradizioni e paesaggi mozzafiato."
Che cosa rende Napoli un posto speciale?,Napoli,"Napoli è una città storica con una cultura vivace, famosa per la pizza, il Vesuvio e il suo centro storico. Un luogo ricco di tradizioni e paesaggi mozzafiato."
Qual è la cultura di Napoli?,Napoli,"Napoli è una città storica con una cultura vivace, famosa per la pizza, il Vesuvio e il suo centro storico. Un luogo ricco di tradizioni e paesaggi mozzafiato."
Cosa caratterizza Napoli?,Napoli,"Napoli è una città storica con una cultura vivace, famosa per la pizza, il Vesuvio e il suo centro storico. Un luogo ricco di tradizioni e paesaggi mozzafiato."
Che tipo di città è Napoli?,Napoli,"Napoli è una città storica con una cultura vivace, famosa per la pizza, il Vesuvio e il suo centro storico. Un luogo ricco di tradizioni e paesaggi mozzafiato."
Parlami di Napoli.,Napoli,"Napoli è una città storica con una cultura vivace, famosa per la pizza, il Vesuvio e il suo centro storico. Un luogo ricco di tradizioni e paesaggi mozzafiato."
Cosa dovrei sapere su Napoli?,Napoli,"Napoli è una città storica con una cultura vivace, famosa per la pizza, il Vesuvio e il suo centro storico. Un luogo ricco di tradizioni e paesaggi mozzafiato."
Ciao, saluto,"Ciao, Come va, posso aiutarti in qualche modo?"
Buongiorno, saluto, "Buongiorno,come posso aiutarti?"
Dimmi qualcosa su Carlo Magno,Carlo magno,"Carlo Magno è famoso per aver unificato gran parte dell'Europa occidentale e centrale durante il suo regno. Fu incoronato imperatore da Papa Leone III il giorno di Natale dell'anno 800, evento che segnò la nascita del Sacro Romano Impero. Le sue conquiste militari e le riforme amministrative ebbero un impatto duraturo sulla storia europea."
Cosa sai di Carlo Magno?,Carlo magno,"Carlo Magno è famoso per aver unificato gran parte dell'Europa occidentale e centrale durante il suo regno. Fu incoronato imperatore da Papa Leone III il giorno di Natale dell'anno 800, evento che segnò la nascita del Sacro Romano Impero. Le sue conquiste militari e le riforme amministrative ebbero un impatto duraturo sulla storia europea."
Raccontami la storia di Carlo Magno,Carlo magno,"Carlo Magno è famoso per aver unificato gran parte dell'Europa occidentale e centrale durante il suo regno. Fu incoronato imperatore da Papa Leone III il giorno di Natale dell'anno 800, evento che segnò la nascita del Sacro Romano Impero. Le sue conquiste militari e le riforme amministrative ebbero un impatto duraturo sulla storia europea."
Chi era Carlo Magno?,Carlo magno,"Carlo Magno è famoso per aver unificato gran parte dell'Europa occidentale e centrale durante il suo regno. Fu incoronato imperatore da Papa Leone III il giorno di Natale dell'anno 800, evento che segnò la nascita del Sacro Romano Impero. Le sue conquiste militari e le riforme amministrative ebbero un impatto duraturo sulla storia europea."
Quali imprese ha compiuto Carlo Magno?,Carlo magno,"Carlo Magno è famoso per aver unificato gran parte dell'Europa occidentale e centrale durante il suo regno. Fu incoronato imperatore da Papa Leone III il giorno di Natale dell'anno 800, evento che segnò la nascita del Sacro Romano Impero. Le sue conquiste militari e le riforme amministrative ebbero un impatto duraturo sulla storia europea."
Qual è la biografia di Carlo Magno?,Carlo magno,"Carlo Magno è famoso per aver unificato gran parte dell'Europa occidentale e centrale durante il suo regno. Fu incoronato imperatore da Papa Leone III il giorno di Natale dell'anno 800, evento che segnò la nascita del Sacro Romano Impero. Le sue conquiste militari e le riforme amministrative ebbero un impatto duraturo sulla storia europea."
Puoi darmi informazioni su Carlo Magno?,Carlo magno,"Carlo Magno è famoso per aver unificato gran parte dell'Europa occidentale e centrale durante il suo regno. Fu incoronato imperatore da Papa Leone III il giorno di Natale dell'anno 800, evento che segnò la nascita del Sacro Romano Impero. Le sue conquiste militari e le riforme amministrative ebbero un impatto duraturo sulla storia europea."
Vorrei sapere di più su Carlo Magno,Carlo magno,"Carlo Magno è famoso per aver unificato gran parte dell'Europa occidentale e centrale durante il suo regno. Fu incoronato imperatore da Papa Leone III il giorno di Natale dell'anno 800, evento che segnò la nascita del Sacro Romano Impero. Le sue conquiste militari e le riforme amministrative ebbero un impatto duraturo sulla storia europea."
Quali sono le gesta di Carlo Magno?,Carlo magno,"Carlo Magno è famoso per aver unificato gran parte dell'Europa occidentale e centrale durante il suo regno. Fu incoronato imperatore da Papa Leone III il giorno di Natale dell'anno 800, evento che segnò la nascita del Sacro Romano Impero. Le sue conquiste militari e le riforme amministrative ebbero un impatto duraturo sulla storia europea."
Spiegami chi era Carlo Magno,Carlo magno,"Carlo Magno è famoso per aver unificato gran parte dell'Europa occidentale e centrale durante il suo regno. Fu incoronato imperatore da Papa Leone III il giorno di Natale dell'anno 800, evento che segnò la nascita del Sacro Romano Impero. Le sue conquiste militari e le riforme amministrative ebbero un impatto duraturo sulla storia europea."
Sai qualcosa su Carlo Magno?,Carlo magno,"Carlo Magno è famoso per aver unificato gran parte dell'Europa occidentale e centrale durante il suo regno. Fu incoronato imperatore da Papa Leone III il giorno di Natale dell'anno 800, evento che segnò la nascita del Sacro Romano Impero. Le sue conquiste militari e le riforme amministrative ebbero un impatto duraturo sulla storia europea."
Puoi parlarmi della vita di Carlo Magno?,Carlo magno,"Carlo Magno è famoso per aver unificato gran parte dell'Europa occidentale e centrale durante il suo regno. Fu incoronato imperatore da Papa Leone III il giorno di Natale dell'anno 800, evento che segnò la nascita del Sacro Romano Impero. Le sue conquiste militari e le riforme amministrative ebbero un impatto duraturo sulla storia europea."
Quali territori ha conquistato Carlo Magno?,Carlo magno,"Carlo Magno è famoso per aver unificato gran parte dell'Europa occidentale e centrale durante il suo regno. Fu incoronato imperatore da Papa Leone III il giorno di Natale dell'anno 800, evento che segnò la nascita del Sacro Romano Impero. Le sue conquiste militari e le riforme amministrative ebbero un impatto duraturo sulla storia europea."
Raccontami di Carlo il Grande,Carlo magno,"Carlo Magno è famoso per aver unificato gran parte dell'Europa occidentale e centrale durante il suo regno. Fu incoronato imperatore da Papa Leone III il giorno di Natale dell'anno 800, evento che segnò la nascita del Sacro Romano Impero. Le sue conquiste militari e le riforme amministrative ebbero un impatto duraturo sulla storia europea."
Cosa ha fatto Carlo Magno nella storia?,Carlo magno,"Carlo Magno è famoso per aver unificato gran parte dell'Europa occidentale e centrale durante il suo regno. Fu incoronato imperatore da Papa Leone III il giorno di Natale dell'anno 800, evento che segnò la nascita del Sacro Romano Impero. Le sue conquiste militari e le riforme amministrative ebbero un impatto duraturo sulla storia europea."
Cosa ha fatto Carlo Magno nella sua vita?,Carlo magno,"Carlo Magno è famoso per aver unificato gran parte dell'Europa occidentale e centrale durante il suo regno. Fu incoronato imperatore da Papa Leone III il giorno di Natale dell'anno 800, evento che segnò la nascita del Sacro Romano Impero. Le sue conquiste militari e le riforme amministrative ebbero un impatto duraturo sulla storia europea."
Cosa sai di Carlo Magno?,Carlo magno,"Carlo Magno è famoso per aver unificato gran parte dell'Europa occidentale e centrale durante il suo regno. Fu incoronato imperatore da Papa Leone III il giorno di Natale dell'anno 800, evento che segnò la nascita del Sacro Romano Impero. Le sue conquiste militari e le riforme amministrative ebbero un impatto duraturo sulla storia europea."
Dimmi di più sulla vita di Carlo Magno,Carlo magno,"Carlo Magno è famoso per aver unificato gran parte dell'Europa occidentale e centrale durante il suo regno. Fu incoronato imperatore da Papa Leone III il giorno di Natale dell'anno 800, evento che segnò la nascita del Sacro Romano Impero. Le sue conquiste militari e le riforme amministrative ebbero un impatto duraturo sulla storia europea."
Chi è Carlo Magno?,Carlo magno,"Carlo Magno è famoso per aver unificato gran parte dell'Europa occidentale e centrale durante il suo regno. Fu incoronato imperatore da Papa Leone III il giorno di Natale dell'anno 800, evento che segnò la nascita del Sacro Romano Impero. Le sue conquiste militari e le riforme amministrative ebbero un impatto duraturo sulla storia europea."
Parlami di Carlo Magno,Carlo magno,"Carlo Magno è famoso per aver unificato gran parte dell'Europa occidentale e centrale durante il suo regno. Fu incoronato imperatore da Papa Leone III il giorno di Natale dell'anno 800, evento che segnò la nascita del Sacro Romano Impero. Le sue conquiste militari e le riforme amministrative ebbero un impatto duraturo sulla storia europea."
Chi era Napoleone Bonaparte?, Napoleone, "Napoleone Bonaparte fu un brillante generale e imperatore francese che trasformò l'Europa con le sue conquiste militari e le riforme politiche. Salì al potere dopo la Rivoluzione francese e fu sconfitto definitivamente a Waterloo nel 1815."
Chi è Napoleone Bonaparte?, Napoleone, "Napoleone Bonaparte fu un brillante generale e imperatore francese che trasformò l'Europa con le sue conquiste militari e le riforme politiche. Salì al potere dopo la Rivoluzione francese e fu sconfitto definitivamente a Waterloo nel 1815."
Parlami di Napoleone Bonaparte?, Napoleone, "Napoleone Bonaparte fu un brillante generale e imperatore francese che trasformò l'Europa con le sue conquiste militari e le riforme politiche. Salì al potere dopo la Rivoluzione francese e fu sconfitto definitivamente a Waterloo nel 1815."
Dimmi qualcosa su Napoleone Bonaparte,Napoleone,"Napoleone Bonaparte è famoso per aver unificato gran parte dell'Europa occidentale e centrale durante il suo regno. Fu incoronato imperatore da Papa Leone III il giorno di Natale dell'anno 800, evento che segnò la nascita del Sacro Romano Impero. Le sue conquiste militari e le riforme amministrative ebbero un impatto duraturo sulla storia europea."
Cosa sai di Napoleone Bonaparte?,Napoleone,"Napoleone Bonaparte è famoso per aver unificato gran parte dell'Europa occidentale e centrale durante il suo regno. Fu incoronato imperatore da Papa Leone III il giorno di Natale dell'anno 800, evento che segnò la nascita del Sacro Romano Impero. Le sue conquiste militari e le riforme amministrative ebbero un impatto duraturo sulla storia europea."
Raccontami la storia di Napoleone Bonaparte,Napoleone,"Napoleone Bonaparte è famoso per aver unificato gran parte dell'Europa occidentale e centrale durante il suo regno. Fu incoronato imperatore da Papa Leone III il giorno di Natale dell'anno 800, evento che segnò la nascita del Sacro Romano Impero. Le sue conquiste militari e le riforme amministrative ebbero un impatto duraturo sulla storia europea."
Chi era Napoleone Bonaparte?,Napoleone,"Napoleone Bonaparte è famoso per aver unificato gran parte dell'Europa occidentale e centrale durante il suo regno. Fu incoronato imperatore da Papa Leone III il giorno di Natale dell'anno 800, evento che segnò la nascita del Sacro Romano Impero. Le sue conquiste militari e le riforme amministrative ebbero un impatto duraturo sulla storia europea."
Quali imprese ha compiuto Napoleone Bonaparte?,Napoleone,"Napoleone Bonaparte è famoso per aver unificato gran parte dell'Europa occidentale e centrale durante il suo regno. Fu incoronato imperatore da Papa Leone III il giorno di Natale dell'anno 800, evento che segnò la nascita del Sacro Romano Impero. Le sue conquiste militari e le riforme amministrative ebbero un impatto duraturo sulla storia europea."
Qual è la biografia di Napoleone Bonaparte?,Napoleone,"Napoleone Bonaparte è famoso per aver unificato gran parte dell'Europa occidentale e centrale durante il suo regno. Fu incoronato imperatore da Papa Leone III il giorno di Natale dell'anno 800, evento che segnò la nascita del Sacro Romano Impero. Le sue conquiste militari e le riforme amministrative ebbero un impatto duraturo sulla storia europea."
Puoi darmi informazioni su Napoleone Bonaparte?,Napoleone,"Napoleone Bonaparte è famoso per aver unificato gran parte dell'Europa occidentale e centrale durante il suo regno. Fu incoronato imperatore da Papa Leone III il giorno di Natale dell'anno 800, evento che segnò la nascita del Sacro Romano Impero. Le sue conquiste militari e le riforme amministrative ebbero un impatto duraturo sulla storia europea."
Vorrei sapere di più su Napoleone Bonaparte,Napoleone,"Napoleone Bonaparte è famoso per aver unificato gran parte dell'Europa occidentale e centrale durante il suo regno. Fu incoronato imperatore da Papa Leone III il giorno di Natale dell'anno 800, evento che segnò la nascita del Sacro Romano Impero. Le sue conquiste militari e le riforme amministrative ebbero un impatto duraturo sulla storia europea."
Quali sono le gesta di Napoleone Bonaparte?,Napoleone,"Napoleone Bonaparte è famoso per aver unificato gran parte dell'Europa occidentale e centrale durante il suo regno. Fu incoronato imperatore da Papa Leone III il giorno di Natale dell'anno 800, evento che segnò la nascita del Sacro Romano Impero. Le sue conquiste militari e le riforme amministrative ebbero un impatto duraturo sulla storia europea."
Spiegami chi era Napoleone Bonaparte,Napoleone,"Napoleone Bonaparte è famoso per aver unificato gran parte dell'Europa occidentale e centrale durante il suo regno. Fu incoronato imperatore da Papa Leone III il giorno di Natale dell'anno 800, evento che segnò la nascita del Sacro Romano Impero. Le sue conquiste militari e le riforme amministrative ebbero un impatto duraturo sulla storia europea."
Sai qualcosa su Napoleone Bonaparte?,Napoleone,"Napoleone Bonaparte è famoso per aver unificato gran parte dell'Europa occidentale e centrale durante il suo regno. Fu incoronato imperatore da Papa Leone III il giorno di Natale dell'anno 800, evento che segnò la nascita del Sacro Romano Impero. Le sue conquiste militari e le riforme amministrative ebbero un impatto duraturo sulla storia europea."
Puoi parlarmi della vita di Napoleone Bonaparte?,Napoleone,"Napoleone Bonaparte è famoso per aver unificato gran parte dell'Europa occidentale e centrale durante il suo regno. Fu incoronato imperatore da Papa Leone III il giorno di Natale dell'anno 800, evento che segnò la nascita del Sacro Romano Impero. Le sue conquiste militari e le riforme amministrative ebbero un impatto duraturo sulla storia europea."
Quali territori ha conquistato Napoleone Bonaparte?,Napoleone,"Napoleone Bonaparte è famoso per aver unificato gran parte dell'Europa occidentale e centrale durante il suo regno. Fu incoronato imperatore da Papa Leone III il giorno di Natale dell'anno 800, evento che segnò la nascita del Sacro Romano Impero. Le sue conquiste militari e le riforme amministrative ebbero un impatto duraturo sulla storia europea."
Raccontami di Carlo il Grande,Napoleone,"Napoleone Bonaparte è famoso per aver unificato gran parte dell'Europa occidentale e centrale durante il suo regno. Fu incoronato imperatore da Papa Leone III il giorno di Natale dell'anno 800, evento che segnò la nascita del Sacro Romano Impero. Le sue conquiste militari e le riforme amministrative ebbero un impatto duraturo sulla storia europea."
Cosa ha fatto Napoleone Bonaparte nella storia?,Napoleone,"Napoleone Bonaparte è famoso per aver unificato gran parte dell'Europa occidentale e centrale durante il suo regno. Fu incoronato imperatore da Papa Leone III il giorno di Natale dell'anno 800, evento che segnò la nascita del Sacro Romano Impero. Le sue conquiste militari e le riforme amministrative ebbero un impatto duraturo sulla storia europea."
Cosa ha fatto Napoleone Bonaparte nella sua vita?,Napoleone,"Napoleone Bonaparte è famoso per aver unificato gran parte dell'Europa occidentale e centrale durante il suo regno. Fu incoronato imperatore da Papa Leone III il giorno di Natale dell'anno 800, evento che segnò la nascita del Sacro Romano Impero. Le sue conquiste militari e le riforme amministrative ebbero un impatto duraturo sulla storia europea."
Cosa sai di Napoleone Bonaparte?,Napoleone,"Napoleone Bonaparte è famoso per aver unificato gran parte dell'Europa occidentale e centrale durante il suo regno. Fu incoronato imperatore da Papa Leone III il giorno di Natale dell'anno 800, evento che segnò la nascita del Sacro Romano Impero. Le sue conquiste militari e le riforme amministrative ebbero un impatto duraturo sulla storia europea."
Dimmi di più sulla vita di Napoleone Bonaparte,Napoleone,"Napoleone Bonaparte è famoso per aver unificato gran parte dell'Europa occidentale e centrale durante il suo regno. Fu incoronato imperatore da Papa Leone III il giorno di Natale dell'anno 800, evento che segnò la nascita del Sacro Romano Impero. Le sue conquiste militari e le riforme amministrative ebbero un impatto duraturo sulla storia europea."
Chi è Napoleone Bonaparte?,Napoleone,"Napoleone Bonaparte è famoso per aver unificato gran parte dell'Europa occidentale e centrale durante il suo regno. Fu incoronato imperatore da Papa Leone III il giorno di Natale dell'anno 800, evento che segnò la nascita del Sacro Romano Impero. Le sue conquiste militari e le riforme amministrative ebbero un impatto duraturo sulla storia europea."
Chi sei?,saluto,"Sono un'intelligenza artificiale per l'elaborazione del linguaggio naturale, sviluppata utilizzando il framework ML.NET di Microsoft."
Cosa prevede lo slogan ‘America First’?,Trump,"Una politica incentrata sulla priorità agli interessi degli Stati Uniti, in economia e politica estera."
Chi è Donald Trump?,Trump,"Donald Trump è un imprenditore e politico statunitense, 45° Presidente degli USA dal 2017 al 2021."
Parlami di Donald Trump.,Trump,"Donald Trump è un imprenditore e politico statunitense, 45° Presidente degli USA dal 2017 al 2021."
Chi è il presidente Trump?,Trump,"Donald Trump è un imprenditore e politico statunitense, 45° Presidente degli USA dal 2017 al 2021."
Come si può descrivere Donald Trump?,Trump,"Donald Trump è un imprenditore e politico statunitense, 45° Presidente degli USA dal 2017 al 2021."
Quando è nato Donald Trump?,Trump,"È nato il 14 giugno 1946 a New York, nel quartiere di Queens."
Qual è la data di nascita di Donald Trump?,Trump,"È nato il 14 giugno 1946 a New York, nel quartiere di Queens."
In che anno è nato Trump?,Trump,"È nato nel 1946."
Dove è nato Donald Trump?,Trump,"È nato a New York, nel quartiere di Queens."
Quali incarichi ha ricoperto Donald Trump?,Trump,"È stato il 45° Presidente degli Stati Uniti dal 2017 al 2021."
Che ruolo ha avuto Trump nella politica?,Trump,"È stato Presidente degli Stati Uniti dal 2017 al 2021, promuovendo politiche economiche e migratorie conservatrici."
Qual è la carriera politica di Donald Trump?,Trump,"È stato Presidente degli Stati Uniti e ha avuto un ruolo attivo nella politica repubblicana a partire dal 2015."
In che periodo è stato presidente Trump?,Trump,"Dal gennaio 2017 al gennaio 2021."
Cosa ha fatto Trump nel settore immobiliare?,Trump,"Ha guidato la Trump Organization e costruito numerosi edifici di lusso in tutto il mondo."
Qual è il ruolo di Trump nel settore immobiliare?,Trump,"È stato a capo della Trump Organization e ha sviluppato immobili di prestigio a livello globale."
Trump ha lavorato nel real estate?,Trump,"Sì, ha guidato per anni la Trump Organization nel settore immobiliare."
Trump ha costruito grattacieli?,Trump,"Sì, attraverso la Trump Organization ha costruito grattacieli e alberghi di lusso."
Quali sono le politiche economiche principali di Trump?,Trump,"Ha introdotto tagli fiscali e dazi commerciali, promuovendo il protezionismo."
Cosa ha fatto Trump per l’economia?,Trump,"Ha approvato tagli alle tasse, introdotto dazi e cercato di rilanciare la produzione americana."
Trump ha tagliato le tasse?,Trump,"Sì, con il Tax Cuts and Jobs Act del 2017."
Trump ha messo dazi doganali?,Trump,"Sì, ha introdotto dazi su importazioni da Cina, Europa e altri paesi."
Donald Trump ha partecipato a reality show?,Trump,"Sì, ha condotto il reality show 'The Apprentice' per diverse stagioni."
Trump è stato in televisione?,Trump,"Sì, è stato conduttore del reality show 'The Apprentice'."
Trump ha condotto un programma TV?,Trump,"Sì, ha condotto 'The Apprentice' in TV per diversi anni."
Quale reality ha fatto Donald Trump?,Trump,"Ha condotto 'The Apprentice'."
Qual è la posizione di Trump sull’immigrazione?,Trump,"Ha promosso politiche restrittive, incluso il 'Muslim Ban' e la costruzione di un muro al confine con il Messico."
Trump era favorevole all’immigrazione?,Trump,"No, ha adottato politiche restrittive in materia di immigrazione."
Cos’è il Muslim Ban di Trump?,Trump,"Un ordine esecutivo che vietava l’ingresso negli USA da alcuni paesi a maggioranza musulmana."
Trump ha costruito un muro?,Trump,"Ha promosso e iniziato la costruzione di un muro al confine con il Messico."
Trump ha avuto dei figli?,Trump,"Sì, ha cinque figli: Donald Jr., Ivanka, Eric, Tiffany e Barron."
Quanti figli ha Trump?,Trump,"Ha cinque figli."
Chi sono i figli di Trump?,Trump,"Donald Jr., Ivanka, Eric, Tiffany e Barron Trump."
Trump è padre di quanti figli?,Trump,"È padre di cinque figli."
Qual è stato il rapporto di Trump con la Cina?,Trump,"Ha imposto dazi commerciali e avviato una guerra commerciale con la Cina."
Come sono stati i rapporti Trump-Cina?,Trump,"Tesi, a causa di dazi, restrizioni e controversie commerciali."
Trump ha avuto scontri con la Cina?,Trump,"Sì, ha avuto scontri economici e commerciali durante la sua presidenza."
Trump ha fatto accordi con la Cina?,Trump,"Ha tentato accordi commerciali, ma ha mantenuto una linea dura nei confronti della Cina."
Dove ha studiato Donald Trump?,Trump,"Ha studiato economia alla Wharton School dell’Università della Pennsylvania."
In quale università ha studiato Trump?,Trump,"All'Università della Pennsylvania, Wharton School."
Che studi ha fatto Trump?|Trump è laureato?,Trump,"È laureato in economia alla Wharton School dell’Università della Pennsylvania."
Trump ha avuto procedimenti di impeachment?,Trump,"Sì, due: uno nel 2019 e uno nel 2021."
Trump è stato messo in stato d’accusa?,Trump,"Sì, è stato messo in stato d'accusa due volte dalla Camera dei Rappresentanti."
Quanti impeachment ha avuto Trump?,Trump,"Due: nel 2019 e nel 2021."
Trump è stato processato dal Congresso?,Trump,"Sì, è stato sottoposto a due procedimenti di impeachment dal Congresso."


